,MAE,RMSE,MAPE,model
0,120.1019964265179,162.11404315861353,0.05911417749106749,xgb
1,43.67423752961729,52.97585503534844,0.021138108224019295,prophet
